Raw or SAHI,Confidence,Sahi Slice Ratio,Class,Success Rate,Sahi Raw Input
raw,0.0,0,car,0.867176339618611,2
raw,0.01,0,car,0.867176339618611,2
raw,0.02,0,car,0.8783724901707162,2
raw,0.03,0,car,0.8833470436172821,2
raw,0.04,0,car,0.8858679990593947,2
raw,0.05,0,car,0.8883259306154544,2
raw,0.06,0,car,0.8897514431959842,2
raw,0.07,0,car,0.8909488970309877,2
raw,0.08,0,car,0.892209374752044,2
raw,0.09,0,car,0.8932807808149418,2
raw,0.1,0,car,0.8939110196754699,2
raw,0.11,0,car,0.8948563779662622,2
raw,0.12,0,car,0.8949009594396523,2
raw,0.13,0,car,0.8953421266420221,2
raw,0.14,0,car,0.8956901270844594,2
raw,0.15,0,car,0.8958688343025693,2
raw,0.16,0,car,0.8961209298467805,2
raw,0.17,0,car,0.8963056600960969,2
raw,0.18,0,car,0.8964947317542553,2
raw,0.19,0,car,0.8966838034124138,2
raw,0.2,0,car,0.8968098511845194,2
raw,0.21,0,car,0.8973140422729419,2
raw,0.22,0,car,0.8975661378171532,2
raw,0.23,0,car,0.8980703289055757,2
raw,0.24,0,car,0.8982491078328992,2
raw,0.25,0,car,0.8981632920956498,2
raw,0.26,0,car,0.8983523637538082,2
raw,0.27,0,car,0.8985414354119667,2
raw,0.28,0,car,0.8985414354119667,2
raw,0.29,0,car,0.8987305070701251,2
raw,0.3,0,car,0.898793530956178,2
raw,0.31,0,car,0.8991716742724949,2
raw,0.32,0,car,0.8990468521870643,2
raw,0.33,0,car,0.899272828354935,2
raw,0.34,0,car,0.8994619000130936,2
raw,0.35,0,car,0.8997139955573048,2
raw,0.36,0,car,0.899966091101516,2
raw,0.37,0,car,0.8999408896077998,2
raw,0.38,0,car,0.8999833329047932,2
raw,0.39,0,car,0.9000642598665066,2
raw,0.4,0,car,0.9006314748409819,2
raw,0.41,0,car,0.9008835703851932,2
raw,0.42,0,car,0.9013877614736157,2
raw,0.43,0,car,0.9017659047899326,2
raw,0.44,0,car,0.9018087356123028,2
raw,0.45,0,car,0.9018011011242708,2
raw,0.46,0,car,0.9019271488963765,2
raw,0.47,0,car,0.901863480443349,2
raw,0.48,0,car,0.9020525521015074,2
raw,0.49,0,car,0.902178599873613,2
raw,0.5,0,car,0.901916843168026,2
raw,0.51,0,car,0.9018314287835075,2
raw,0.52,0,car,0.9013341503351656,2
raw,0.53,0,car,0.9009485439396842,2
raw,0.54,0,car,0.9010144185973863,2
raw,0.55,0,car,0.9007458278663448,2
raw,0.56,0,car,0.900568308206475,2
raw,0.57,0,car,0.9004083938038239,2
raw,0.58,0,car,0.9003254768817273,2
raw,0.59,0,car,0.9002174956459987,2
raw,0.6,0,car,0.8998541187762578,2
raw,0.61,0,car,0.8998977120255394,2
raw,0.62,0,car,0.8990990649724775,2
raw,0.63,0,car,0.8988119342932649,2
raw,0.64,0,car,0.8982788932472525,2
raw,0.65,0,car,0.897506989309324,2
raw,0.66,0,car,0.8973629700511363,2
raw,0.67,0,car,0.8969608765361902,2
raw,0.68,0,car,0.8969255296351027,2
raw,0.69,0,car,0.896654385806588,2
raw,0.7,0,car,0.8961196781167755,2
raw,0.71,0,car,0.8952705152551218,2
raw,0.72,0,car,0.8942575044966167,2
raw,0.73,0,car,0.893249471751377,2
raw,0.74,0,car,0.8914023991719322,2
raw,0.75,0,car,0.8897636575557517,2
raw,0.76,0,car,0.8877934260124053,2
raw,0.77,0,car,0.8858977271225056,2
raw,0.78,0,car,0.8829482285687194,2
raw,0.79,0,car,0.8806629750771746,2
raw,0.8,0,car,0.8792173180505866,2
raw,0.81,0,car,0.8784438927240928,2
raw,0.82,0,car,0.8758445132351347,2
raw,0.83,0,car,0.872725814074815,2
raw,0.84,0,car,0.8695679407146337,2
raw,0.85,0,car,0.8650120691986086,2
raw,0.86,0,car,0.8591276136786529,2
raw,0.87,0,car,0.8518096330291178,2
raw,0.88,0,car,0.8445816239134236,2
raw,0.89,0,car,0.8364050489652095,2
raw,0.9,0,car,0.8254377951126542,2
raw,0.91,0,car,0.8080730661699089,2
raw,0.92,0,car,0.7800898553196389,2
raw,0.93,0,car,0.7433187288985481,2
raw,0.94,0,car,0.6825610966930329,2
raw,0.95,0,car,0.543475055972452,2
raw,0.96,0,car,0.1684557688806266,2
raw,0.97,0,car,0.010872436766611053,2
raw,0.98,0,car,0.0,2
raw,0.99,0,car,0.0,2
raw,0.0,0,kam,0.7803633369514366,2
raw,0.01,0,kam,0.7803633369514366,2
raw,0.02,0,kam,0.7906197472078467,2
raw,0.03,0,kam,0.7957479523360516,2
raw,0.04,0,kam,0.797213153801253,2
raw,0.05,0,kam,0.8016087581968575,2
raw,0.06,0,kam,0.8038065603946597,2
raw,0.07,0,kam,0.8082021647902639,2
raw,0.08,0,kam,0.8089347655228646,2
raw,0.09,0,kam,0.8111325677206668,2
raw,0.1,0,kam,0.8118651684532675,2
raw,0.11,0,kam,0.8101970294399109,2
raw,0.12,0,kam,0.8123948316377131,2
raw,0.13,0,kam,0.8118789808590416,2
raw,0.14,0,kam,0.8140767830568438,2
raw,0.15,0,kam,0.8155419845220454,2
raw,0.16,0,kam,0.819204988185049,2
raw,0.17,0,kam,0.8199375889176498,2
raw,0.18,0,kam,0.8206701896502505,2
raw,0.19,0,kam,0.822135391115452,2
raw,0.2,0,kam,0.8228679918480527,2
raw,0.21,0,kam,0.8228679918480527,2
raw,0.22,0,kam,0.8228679918480527,2
raw,0.23,0,kam,0.8236005925806534,2
raw,0.24,0,kam,0.8236005925806534,2
raw,0.25,0,kam,0.8243331933132542,2
raw,0.26,0,kam,0.8272635962436572,2
raw,0.27,0,kam,0.8272635962436572,2
raw,0.28,0,kam,0.8272635962436572,2
raw,0.29,0,kam,0.8272635962436572,2
raw,0.3,0,kam,0.8272635962436572,2
raw,0.31,0,kam,0.8272635962436572,2
raw,0.32,0,kam,0.8279961969762579,2
raw,0.33,0,kam,0.8279961969762579,2
raw,0.34,0,kam,0.8279961969762579,2
raw,0.35,0,kam,0.8276622893531425,2
raw,0.36,0,kam,0.8276622893531425,2
raw,0.37,0,kam,0.8276622893531425,2
raw,0.38,0,kam,0.8276622893531425,2
raw,0.39,0,kam,0.8259305040875239,2
raw,0.4,0,kam,0.8259305040875239,2
raw,0.41,0,kam,0.8273957055527256,2
raw,0.42,0,kam,0.8273957055527256,2
raw,0.43,0,kam,0.8281283062853263,2
raw,0.44,0,kam,0.8263795687945279,2
raw,0.45,0,kam,0.8271121695271286,2
raw,0.46,0,kam,0.8271121695271286,2
raw,0.47,0,kam,0.8278447702597294,2
raw,0.48,0,kam,0.825772028140295,2
raw,0.49,0,kam,0.825772028140295,2
raw,0.5,0,kam,0.825772028140295,2
raw,0.51,0,kam,0.8265046288728958,2
raw,0.52,0,kam,0.8272372296054965,2
raw,0.53,0,kam,0.8272372296054965,2
raw,0.54,0,kam,0.8287024310706982,2
raw,0.55,0,kam,0.8294350318032989,2
raw,0.56,0,kam,0.8287702331900502,2
raw,0.57,0,kam,0.8287702331900502,2
raw,0.58,0,kam,0.8287702331900502,2
raw,0.59,0,kam,0.8295028339226509,2
raw,0.6,0,kam,0.8302354346552518,2
raw,0.61,0,kam,0.8282239174272056,2
raw,0.62,0,kam,0.8262185481046671,2
raw,0.63,0,kam,0.8262185481046671,2
raw,0.64,0,kam,0.8162301317338913,2
raw,0.65,0,kam,0.8157044569883678,2
raw,0.66,0,kam,0.8124461933817829,2
raw,0.67,0,kam,0.8134491932290916,2
raw,0.68,0,kam,0.8141817939616923,2
raw,0.69,0,kam,0.8110116933795104,2
raw,0.7,0,kam,0.804232120620203,2
raw,0.71,0,kam,0.7970583958788438,2
raw,0.72,0,kam,0.7917615544540533,2
raw,0.73,0,kam,0.7921113901129037,2
raw,0.74,0,kam,0.7887971899719082,2
raw,0.75,0,kam,0.7860170742525668,2
raw,0.76,0,kam,0.7780107217820805,2
raw,0.77,0,kam,0.7739110170756194,2
raw,0.78,0,kam,0.7699201653848249,2
raw,0.79,0,kam,0.7596341040563164,2
raw,0.8,0,kam,0.7536468905845138,2
raw,0.81,0,kam,0.7478672608413597,2
raw,0.82,0,kam,0.7453048551106959,2
raw,0.83,0,kam,0.7407532463555678,2
raw,0.84,0,kam,0.7347845763717895,2
raw,0.85,0,kam,0.7203368182099761,2
raw,0.86,0,kam,0.7122697687667954,2
raw,0.87,0,kam,0.6978860760832509,2
raw,0.88,0,kam,0.6853517212778343,2
raw,0.89,0,kam,0.6659500256459377,2
raw,0.9,0,kam,0.6373468338676564,2
raw,0.91,0,kam,0.5822204004375814,2
raw,0.92,0,kam,0.4781013283618425,2
raw,0.93,0,kam,0.3309066913319936,2
raw,0.94,0,kam,0.1711144110630922,2
raw,0.95,0,kam,0.05907936432957554,2
raw,0.96,0,kam,0.006332260655855691,2
raw,0.97,0,kam,0.0,2
raw,0.98,0,kam,0.0,2
raw,0.99,0,kam,0.0,2
raw,0.0,0,ismak,0.4037813529981887,2
raw,0.01,0,ismak,0.4037813529981887,2
raw,0.02,0,ismak,0.4704480196648554,2
raw,0.03,0,ismak,0.5037813529981888,2
raw,0.04,0,ismak,0.5037813529981888,2
raw,0.05,0,ismak,0.5037813529981888,2
raw,0.06,0,ismak,0.5037813529981888,2
raw,0.07,0,ismak,0.5037813529981888,2
raw,0.08,0,ismak,0.5037813529981888,2
raw,0.09,0,ismak,0.5037813529981888,2
raw,0.1,0,ismak,0.5037813529981888,2
raw,0.11,0,ismak,0.5037813529981888,2
raw,0.12,0,ismak,0.5037813529981888,2
raw,0.13,0,ismak,0.5037813529981888,2
raw,0.14,0,ismak,0.5037813529981888,2
raw,0.15,0,ismak,0.5037813529981888,2
raw,0.16,0,ismak,0.5037813529981888,2
raw,0.17,0,ismak,0.5037813529981888,2
raw,0.18,0,ismak,0.5371146863315222,2
raw,0.19,0,ismak,0.5371146863315222,2
raw,0.2,0,ismak,0.5704480196648555,2
raw,0.21,0,ismak,0.5704480196648555,2
raw,0.22,0,ismak,0.5704480196648555,2
raw,0.23,0,ismak,0.6037813529981888,2
raw,0.24,0,ismak,0.6037813529981888,2
raw,0.25,0,ismak,0.6037813529981888,2
raw,0.26,0,ismak,0.6037813529981888,2
raw,0.27,0,ismak,0.6037813529981888,2
raw,0.28,0,ismak,0.6037813529981888,2
raw,0.29,0,ismak,0.6037813529981888,2
raw,0.3,0,ismak,0.6037813529981888,2
raw,0.31,0,ismak,0.6037813529981888,2
raw,0.32,0,ismak,0.6037813529981888,2
raw,0.33,0,ismak,0.6037813529981888,2
raw,0.34,0,ismak,0.6037813529981888,2
raw,0.35,0,ismak,0.6037813529981888,2
raw,0.36,0,ismak,0.6037813529981888,2
raw,0.37,0,ismak,0.6037813529981888,2
raw,0.38,0,ismak,0.6037813529981888,2
raw,0.39,0,ismak,0.6037813529981888,2
raw,0.4,0,ismak,0.6037813529981888,2
raw,0.41,0,ismak,0.6037813529981888,2
raw,0.42,0,ismak,0.6037813529981888,2
raw,0.43,0,ismak,0.6037813529981888,2
raw,0.44,0,ismak,0.6037813529981888,2
raw,0.45,0,ismak,0.6037813529981888,2
raw,0.46,0,ismak,0.6037813529981888,2
raw,0.47,0,ismak,0.6037813529981888,2
raw,0.48,0,ismak,0.6037813529981888,2
raw,0.49,0,ismak,0.6037813529981888,2
raw,0.5,0,ismak,0.6037813529981888,2
raw,0.51,0,ismak,0.6037813529981888,2
raw,0.52,0,ismak,0.6037813529981888,2
raw,0.53,0,ismak,0.6037813529981888,2
raw,0.54,0,ismak,0.6037813529981888,2
raw,0.55,0,ismak,0.6037813529981888,2
raw,0.56,0,ismak,0.6037813529981888,2
raw,0.57,0,ismak,0.6037813529981888,2
raw,0.58,0,ismak,0.6704480196648555,2
raw,0.59,0,ismak,0.7037813529981888,2
raw,0.6,0,ismak,0.7037813529981888,2
raw,0.61,0,ismak,0.7037813529981888,2
raw,0.62,0,ismak,0.7037813529981888,2
raw,0.63,0,ismak,0.6380509676202694,2
raw,0.64,0,ismak,0.6713843009536027,2
raw,0.65,0,ismak,0.6713843009536027,2
raw,0.66,0,ismak,0.704717634286936,2
raw,0.67,0,ismak,0.704717634286936,2
raw,0.68,0,ismak,0.704717634286936,2
raw,0.69,0,ismak,0.704717634286936,2
raw,0.7,0,ismak,0.704717634286936,2
raw,0.71,0,ismak,0.704717634286936,2
raw,0.72,0,ismak,0.704717634286936,2
raw,0.73,0,ismak,0.704717634286936,2
raw,0.74,0,ismak,0.704717634286936,2
raw,0.75,0,ismak,0.704717634286936,2
raw,0.76,0,ismak,0.6241015113691825,2
raw,0.77,0,ismak,0.526488831641313,2
raw,0.78,0,ismak,0.526488831641313,2
raw,0.79,0,ismak,0.5598221649746463,2
raw,0.8,0,ismak,0.3822726872535142,2
raw,0.81,0,ismak,0.3822726872535142,2
raw,0.82,0,ismak,0.4156060205868474,2
raw,0.83,0,ismak,0.3230021006408273,2
raw,0.84,0,ismak,0.3230021006408273,2
raw,0.85,0,ismak,0.3563354339741606,2
raw,0.86,0,ismak,0.26609654202482846,2
raw,0.87,0,ismak,0.18200746255052896,2
raw,0.88,0,ismak,0.0,2
raw,0.89,0,ismak,0.0,2
raw,0.9,0,ismak,0.0,2
raw,0.91,0,ismak,0.0,2
raw,0.92,0,ismak,0.0,2
raw,0.93,0,ismak,0.0,2
raw,0.94,0,ismak,0.0,2
raw,0.95,0,ismak,0.0,2
raw,0.96,0,ismak,0.0,2
raw,0.97,0,ismak,0.0,2
raw,0.98,0,ismak,0.0,2
raw,0.99,0,ismak,0.0,2
raw,0.0,0,mot,0.5931566194892612,2
raw,0.01,0,mot,0.5931566194892612,2
raw,0.02,0,mot,0.632372305763771,2
raw,0.03,0,mot,0.6421762273323987,2
raw,0.04,0,mot,0.6421762273323987,2
raw,0.05,0,mot,0.6666860312539672,2
raw,0.06,0,mot,0.6715879920382809,2
raw,0.07,0,mot,0.6715879920382809,2
raw,0.08,0,mot,0.6715879920382809,2
raw,0.09,0,mot,0.6715879920382809,2
raw,0.1,0,mot,0.6715879920382809,2
raw,0.11,0,mot,0.6764899528225946,2
raw,0.12,0,mot,0.6764899528225946,2
raw,0.13,0,mot,0.6813919136069084,2
raw,0.14,0,mot,0.6813919136069084,2
raw,0.15,0,mot,0.6862938743912221,2
raw,0.16,0,mot,0.6960977959598497,2
raw,0.17,0,mot,0.6960977959598497,2
raw,0.18,0,mot,0.7009997567441635,2
raw,0.19,0,mot,0.7009997567441635,2
raw,0.2,0,mot,0.7009997567441635,2
raw,0.21,0,mot,0.7009997567441635,2
raw,0.22,0,mot,0.7009997567441635,2
raw,0.23,0,mot,0.7009997567441635,2
raw,0.24,0,mot,0.7009997567441635,2
raw,0.25,0,mot,0.7009997567441635,2
raw,0.26,0,mot,0.7009997567441635,2
raw,0.27,0,mot,0.7059017175284772,2
raw,0.28,0,mot,0.7059017175284772,2
raw,0.29,0,mot,0.7059017175284772,2
raw,0.3,0,mot,0.7059017175284772,2
raw,0.31,0,mot,0.7059017175284772,2
raw,0.32,0,mot,0.7059017175284772,2
raw,0.33,0,mot,0.6949665603433225,2
raw,0.34,0,mot,0.6949665603433225,2
raw,0.35,0,mot,0.6998685211276362,2
raw,0.36,0,mot,0.6998685211276362,2
raw,0.37,0,mot,0.6998685211276362,2
raw,0.38,0,mot,0.7096724426962638,2
raw,0.39,0,mot,0.7096724426962638,2
raw,0.4,0,mot,0.7145744034805775,2
raw,0.41,0,mot,0.7145744034805775,2
raw,0.42,0,mot,0.7145744034805775,2
raw,0.43,0,mot,0.7145744034805775,2
raw,0.44,0,mot,0.7145744034805775,2
raw,0.45,0,mot,0.7194763642648911,2
raw,0.46,0,mot,0.7243783250492049,2
raw,0.47,0,mot,0.7243783250492049,2
raw,0.48,0,mot,0.7243783250492049,2
raw,0.49,0,mot,0.7243783250492049,2
raw,0.5,0,mot,0.7243783250492049,2
raw,0.51,0,mot,0.7151785920813533,2
raw,0.52,0,mot,0.7109473172207678,2
raw,0.53,0,mot,0.7109473172207678,2
raw,0.54,0,mot,0.7109473172207678,2
raw,0.55,0,mot,0.7109473172207678,2
raw,0.56,0,mot,0.7109473172207678,2
raw,0.57,0,mot,0.7158492780050816,2
raw,0.58,0,mot,0.705291469320749,2
raw,0.59,0,mot,0.7101934301050628,2
raw,0.6,0,mot,0.7101934301050628,2
raw,0.61,0,mot,0.7101934301050628,2
raw,0.62,0,mot,0.7101934301050628,2
raw,0.63,0,mot,0.7101934301050628,2
raw,0.64,0,mot,0.7101934301050628,2
raw,0.65,0,mot,0.7101934301050628,2
raw,0.66,0,mot,0.6881975178054793,2
raw,0.67,0,mot,0.693099478589793,2
raw,0.68,0,mot,0.693099478589793,2
raw,0.69,0,mot,0.6811212667509385,2
raw,0.7,0,mot,0.6481684882916259,2
raw,0.71,0,mot,0.6357817494422237,2
raw,0.72,0,mot,0.6406837102265374,2
raw,0.73,0,mot,0.6173581472325348,2
raw,0.74,0,mot,0.5913047265167577,2
raw,0.75,0,mot,0.5745670145951272,2
raw,0.76,0,mot,0.5745670145951272,2
raw,0.77,0,mot,0.5676943889336392,2
raw,0.78,0,mot,0.5577055305575284,2
raw,0.79,0,mot,0.49618162918630665,2
raw,0.8,0,mot,0.44715824566187073,2
raw,0.81,0,mot,0.4017448653719956,2
raw,0.82,0,mot,0.37624768430016603,2
raw,0.83,0,mot,0.3656744501320867,2
raw,0.84,0,mot,0.35247069291705047,2
raw,0.85,0,mot,0.300058929232183,2
raw,0.86,0,mot,0.2583847306205219,2
raw,0.87,0,mot,0.21843966481465754,2
raw,0.88,0,mot,0.16526057668590172,2
raw,0.89,0,mot,0.09699686639707,2
raw,0.9,0,mot,0.027445043281770838,2
raw,0.91,0,mot,0.0,2
raw,0.92,0,mot,0.0,2
raw,0.93,0,mot,0.0,2
raw,0.94,0,mot,0.0,2
raw,0.95,0,mot,0.0,2
raw,0.96,0,mot,0.0,2
raw,0.97,0,mot,0.0,2
raw,0.98,0,mot,0.0,2
raw,0.99,0,mot,0.0,2
raw,0.0,0,bus,0.7386345547698157,2
raw,0.01,0,bus,0.7386345547698157,2
raw,0.02,0,bus,0.7460419621772231,2
raw,0.03,0,bus,0.7534493695846304,2
raw,0.04,0,bus,0.7534493695846304,2
raw,0.05,0,bus,0.7534493695846304,2
raw,0.06,0,bus,0.7534493695846304,2
raw,0.07,0,bus,0.7534493695846304,2
raw,0.08,0,bus,0.7534493695846304,2
raw,0.09,0,bus,0.7534493695846304,2
raw,0.1,0,bus,0.7534493695846304,2
raw,0.11,0,bus,0.7534493695846304,2
raw,0.12,0,bus,0.7608567769920378,2
raw,0.13,0,bus,0.7608567769920378,2
raw,0.14,0,bus,0.7608567769920378,2
raw,0.15,0,bus,0.7608567769920378,2
raw,0.16,0,bus,0.7608567769920378,2
raw,0.17,0,bus,0.7608567769920378,2
raw,0.18,0,bus,0.7682641843994452,2
raw,0.19,0,bus,0.7682641843994452,2
raw,0.2,0,bus,0.7682641843994452,2
raw,0.21,0,bus,0.7682641843994452,2
raw,0.22,0,bus,0.7682641843994452,2
raw,0.23,0,bus,0.7682641843994452,2
raw,0.24,0,bus,0.7682641843994452,2
raw,0.25,0,bus,0.7682641843994452,2
raw,0.26,0,bus,0.7682641843994452,2
raw,0.27,0,bus,0.7756715918068526,2
raw,0.28,0,bus,0.7756715918068526,2
raw,0.29,0,bus,0.7756715918068526,2
raw,0.3,0,bus,0.7756715918068526,2
raw,0.31,0,bus,0.7756715918068526,2
raw,0.32,0,bus,0.7756715918068526,2
raw,0.33,0,bus,0.7756715918068526,2
raw,0.34,0,bus,0.7756715918068526,2
raw,0.35,0,bus,0.7756715918068526,2
raw,0.36,0,bus,0.7756715918068526,2
raw,0.37,0,bus,0.7756715918068526,2
raw,0.38,0,bus,0.78307899921426,2
raw,0.39,0,bus,0.78307899921426,2
raw,0.4,0,bus,0.78307899921426,2
raw,0.41,0,bus,0.78307899921426,2
raw,0.42,0,bus,0.78307899921426,2
raw,0.43,0,bus,0.78307899921426,2
raw,0.44,0,bus,0.78307899921426,2
raw,0.45,0,bus,0.78307899921426,2
raw,0.46,0,bus,0.78307899921426,2
raw,0.47,0,bus,0.78307899921426,2
raw,0.48,0,bus,0.78307899921426,2
raw,0.49,0,bus,0.78307899921426,2
raw,0.5,0,bus,0.78307899921426,2
raw,0.51,0,bus,0.78307899921426,2
raw,0.52,0,bus,0.78307899921426,2
raw,0.53,0,bus,0.7669725813630022,2
raw,0.54,0,bus,0.7669725813630022,2
raw,0.55,0,bus,0.7669725813630022,2
raw,0.56,0,bus,0.7743799887704096,2
raw,0.57,0,bus,0.7576487458055375,2
raw,0.58,0,bus,0.765056153212945,2
raw,0.59,0,bus,0.7432153680234466,2
raw,0.6,0,bus,0.750622775430854,2
raw,0.61,0,bus,0.7654375902456688,2
raw,0.62,0,bus,0.7654375902456688,2
raw,0.63,0,bus,0.7728449976530761,2
raw,0.64,0,bus,0.7515783359842929,2
raw,0.65,0,bus,0.7515783359842929,2
raw,0.66,0,bus,0.7589857433917003,2
raw,0.67,0,bus,0.7663931507991077,2
raw,0.68,0,bus,0.7663931507991077,2
raw,0.69,0,bus,0.7663931507991077,2
raw,0.7,0,bus,0.7663931507991077,2
raw,0.71,0,bus,0.7453283563637877,2
raw,0.72,0,bus,0.7237903809430563,2
raw,0.73,0,bus,0.7237903809430563,2
raw,0.74,0,bus,0.7071228916144018,2
raw,0.75,0,bus,0.7071228916144018,2
raw,0.76,0,bus,0.693038950465142,2
raw,0.77,0,bus,0.693038950465142,2
raw,0.78,0,bus,0.6716480303395589,2
raw,0.79,0,bus,0.6502876427291393,2
raw,0.8,0,bus,0.6502876427291393,2
raw,0.81,0,bus,0.6283206828340975,2
raw,0.82,0,bus,0.6144199622286507,2
raw,0.83,0,bus,0.6218273696360581,2
raw,0.84,0,bus,0.5857774411496793,2
raw,0.85,0,bus,0.5247041404037289,2
raw,0.86,0,bus,0.5052406632593806,2
raw,0.87,0,bus,0.5052406632593806,2
raw,0.88,0,bus,0.5052406632593806,2
raw,0.89,0,bus,0.4417105780445534,2
raw,0.9,0,bus,0.4491179854519608,2
raw,0.91,0,bus,0.36585621767147625,2
raw,0.92,0,bus,0.3223484603641191,2
raw,0.93,0,bus,0.23802595593914774,2
raw,0.94,0,bus,0.13077162247302926,2
raw,0.95,0,bus,0.043738884178927795,2
raw,0.96,0,bus,0.0,2
raw,0.97,0,bus,0.0,2
raw,0.98,0,bus,0.0,2
raw,0.99,0,bus,0.0,2
raw,0.0,0,tren,-0.3333333333333333,2
raw,0.01,0,tren,-0.3333333333333333,2
raw,0.02,0,tren,-0.3333333333333333,2
raw,0.03,0,tren,-0.2222222222222222,2
raw,0.04,0,tren,-0.2222222222222222,2
raw,0.05,0,tren,-0.2222222222222222,2
raw,0.06,0,tren,-0.2222222222222222,2
raw,0.07,0,tren,-0.2222222222222222,2
raw,0.08,0,tren,-0.2222222222222222,2
raw,0.09,0,tren,-0.2222222222222222,2
raw,0.1,0,tren,-0.2222222222222222,2
raw,0.11,0,tren,-0.2222222222222222,2
raw,0.12,0,tren,-0.2222222222222222,2
raw,0.13,0,tren,-0.2222222222222222,2
raw,0.14,0,tren,-0.2222222222222222,2
raw,0.15,0,tren,-0.2222222222222222,2
raw,0.16,0,tren,-0.2222222222222222,2
raw,0.17,0,tren,-0.2222222222222222,2
raw,0.18,0,tren,-0.2222222222222222,2
raw,0.19,0,tren,-0.2222222222222222,2
raw,0.2,0,tren,-0.2222222222222222,2
raw,0.21,0,tren,-0.2222222222222222,2
raw,0.22,0,tren,-0.2222222222222222,2
raw,0.23,0,tren,-0.2222222222222222,2
raw,0.24,0,tren,-0.2222222222222222,2
raw,0.25,0,tren,-0.2222222222222222,2
raw,0.26,0,tren,-0.2222222222222222,2
raw,0.27,0,tren,-0.2222222222222222,2
raw,0.28,0,tren,-0.2222222222222222,2
raw,0.29,0,tren,-0.2222222222222222,2
raw,0.3,0,tren,-0.2222222222222222,2
raw,0.31,0,tren,-0.2222222222222222,2
raw,0.32,0,tren,-0.2222222222222222,2
raw,0.33,0,tren,-0.2222222222222222,2
raw,0.34,0,tren,-0.2222222222222222,2
raw,0.35,0,tren,-0.2222222222222222,2
raw,0.36,0,tren,-0.2222222222222222,2
raw,0.37,0,tren,-0.2222222222222222,2
raw,0.38,0,tren,-0.2222222222222222,2
raw,0.39,0,tren,-0.2222222222222222,2
raw,0.4,0,tren,-0.2222222222222222,2
raw,0.41,0,tren,-0.2222222222222222,2
raw,0.42,0,tren,-0.2222222222222222,2
raw,0.43,0,tren,-0.2222222222222222,2
raw,0.44,0,tren,-0.2222222222222222,2
raw,0.45,0,tren,-0.2222222222222222,2
raw,0.46,0,tren,-0.2222222222222222,2
raw,0.47,0,tren,-0.2222222222222222,2
raw,0.48,0,tren,-0.2222222222222222,2
raw,0.49,0,tren,-0.2222222222222222,2
raw,0.5,0,tren,-0.2222222222222222,2
raw,0.51,0,tren,-0.2222222222222222,2
raw,0.52,0,tren,-0.2222222222222222,2
raw,0.53,0,tren,-0.2222222222222222,2
raw,0.54,0,tren,-0.2222222222222222,2
raw,0.55,0,tren,-0.2222222222222222,2
raw,0.56,0,tren,-0.2222222222222222,2
raw,0.57,0,tren,-0.2222222222222222,2
raw,0.58,0,tren,-0.2222222222222222,2
raw,0.59,0,tren,-0.2222222222222222,2
raw,0.6,0,tren,-0.2222222222222222,2
raw,0.61,0,tren,-0.2222222222222222,2
raw,0.62,0,tren,-0.2222222222222222,2
raw,0.63,0,tren,-0.2222222222222222,2
raw,0.64,0,tren,-0.2222222222222222,2
raw,0.65,0,tren,-0.2222222222222222,2
raw,0.66,0,tren,-0.2222222222222222,2
raw,0.67,0,tren,-0.2222222222222222,2
raw,0.68,0,tren,-0.1111111111111111,2
raw,0.69,0,tren,-0.1111111111111111,2
raw,0.7,0,tren,-0.1111111111111111,2
raw,0.71,0,tren,-0.1111111111111111,2
raw,0.72,0,tren,0.0,2
raw,0.73,0,tren,0.0,2
raw,0.74,0,tren,0.0,2
raw,0.75,0,tren,0.0,2
raw,0.76,0,tren,0.0,2
raw,0.77,0,tren,0.0,2
raw,0.78,0,tren,0.0,2
raw,0.79,0,tren,0.0,2
raw,0.8,0,tren,0.0,2
raw,0.81,0,tren,0.0,2
raw,0.82,0,tren,0.0,2
raw,0.83,0,tren,0.0,2
raw,0.84,0,tren,0.0,2
raw,0.85,0,tren,0.0,2
raw,0.86,0,tren,0.0,2
raw,0.87,0,tren,0.0,2
raw,0.88,0,tren,0.0,2
raw,0.89,0,tren,0.0,2
raw,0.9,0,tren,0.0,2
raw,0.91,0,tren,0.0,2
raw,0.92,0,tren,0.0,2
raw,0.93,0,tren,0.0,2
raw,0.94,0,tren,0.0,2
raw,0.95,0,tren,0.0,2
raw,0.96,0,tren,0.0,2
raw,0.97,0,tren,0.0,2
raw,0.98,0,tren,0.0,2
raw,0.99,0,tren,0.0,2
raw,0.0,0,ins,0.3922849641550923,2
raw,0.01,0,ins,0.3922849641550923,2
raw,0.02,0,ins,0.4850847950765793,2
raw,0.03,0,ins,0.5212400117818035,2
raw,0.04,0,ins,0.5442612711789434,2
raw,0.05,0,ins,0.5625816520038298,2
raw,0.06,0,ins,0.5740744307807089,2
raw,0.07,0,ins,0.584707599803438,2
raw,0.08,0,ins,0.5941978279542248,2
raw,0.09,0,ins,0.5996078798629225,2
raw,0.1,0,ins,0.6039392279950289,2
raw,0.11,0,ins,0.6101096341150606,2
raw,0.12,0,ins,0.6142605094083289,2
raw,0.13,0,ins,0.6194942217346238,2
raw,0.14,0,ins,0.6223406235864896,2
raw,0.15,0,ins,0.6239249690674838,2
raw,0.16,0,ins,0.6267720272419619,2
raw,0.17,0,ins,0.6298400655022037,2
raw,0.18,0,ins,0.6317007021565242,2
raw,0.19,0,ins,0.6336265301134388,2
raw,0.2,0,ins,0.6359726770183296,2
raw,0.21,0,ins,0.6397616403389528,2
raw,0.22,0,ins,0.6413661677056031,2
raw,0.23,0,ins,0.643387202254007,2
raw,0.24,0,ins,0.6451919306423846,2
raw,0.25,0,ins,0.6477185503861131,2
raw,0.26,0,ins,0.6502451701298417,2
raw,0.27,0,ins,0.6517196612868296,2
raw,0.28,0,ins,0.6528278228616653,2
raw,0.29,0,ins,0.6530748980388225,2
raw,0.3,0,ins,0.6554047444617639,2
raw,0.31,0,ins,0.6568716008477239,2
raw,0.32,0,ins,0.6578401030480631,2
raw,0.33,0,ins,0.6577554772309874,2
raw,0.34,0,ins,0.6582365943436267,2
raw,0.35,0,ins,0.6585108181552307,2
raw,0.36,0,ins,0.6602622598374882,2
raw,0.37,0,ins,0.6612517551333745,2
raw,0.38,0,ins,0.6610833563511387,2
raw,0.39,0,ins,0.6607875860370919,2
raw,0.4,0,ins,0.6614516962693224,2
raw,0.41,0,ins,0.662505212287308,2
raw,0.42,0,ins,0.6624929153100706,2
raw,0.43,0,ins,0.6622424769298588,2
raw,0.44,0,ins,0.6633465395628281,2
raw,0.45,0,ins,0.6632787771351926,2
raw,0.46,0,ins,0.6628347465070986,2
raw,0.47,0,ins,0.6601487922797667,2
raw,0.48,0,ins,0.6605475862129332,2
raw,0.49,0,ins,0.6587355708803669,2
raw,0.5,0,ins,0.6573766438541329,2
raw,0.51,0,ins,0.656870773578674,2
raw,0.52,0,ins,0.6562291539400518,2
raw,0.53,0,ins,0.6546773268290167,2
raw,0.54,0,ins,0.6527892393844953,2
raw,0.55,0,ins,0.650306796269646,2
raw,0.56,0,ins,0.649545971630797,2
raw,0.57,0,ins,0.6447766317502357,2
raw,0.58,0,ins,0.640480660132668,2
raw,0.59,0,ins,0.6366739367796799,2
raw,0.6,0,ins,0.6319408919588061,2
raw,0.61,0,ins,0.625417728597487,2
raw,0.62,0,ins,0.6219749626749352,2
raw,0.63,0,ins,0.6162224574708138,2
raw,0.64,0,ins,0.6096923492957148,2
raw,0.65,0,ins,0.6025293089419118,2
raw,0.66,0,ins,0.5934764868798101,2
raw,0.67,0,ins,0.5839669776078189,2
raw,0.68,0,ins,0.572809186914556,2
raw,0.69,0,ins,0.5613933530879444,2
raw,0.7,0,ins,0.5461755753770566,2
raw,0.71,0,ins,0.535519733458572,2
raw,0.72,0,ins,0.5208478112730165,2
raw,0.73,0,ins,0.5052521171471283,2
raw,0.74,0,ins,0.4934402796648236,2
raw,0.75,0,ins,0.47250871448170434,2
raw,0.76,0,ins,0.44629317751436753,2
raw,0.77,0,ins,0.4232351430754073,2
raw,0.78,0,ins,0.3950023817296,2
raw,0.79,0,ins,0.36735376056803404,2
raw,0.8,0,ins,0.33083915536195724,2
raw,0.81,0,ins,0.29698545368945906,2
raw,0.82,0,ins,0.25151107115589033,2
raw,0.83,0,ins,0.20869160980154314,2
raw,0.84,0,ins,0.15167429802299395,2
raw,0.85,0,ins,0.1016817341082639,2
raw,0.86,0,ins,0.059138412324156814,2
raw,0.87,0,ins,0.02434477164614198,2
raw,0.88,0,ins,0.006406383472136137,2
raw,0.89,0,ins,0.0,2
raw,0.9,0,ins,0.0,2
raw,0.91,0,ins,0.0,2
raw,0.92,0,ins,0.0,2
raw,0.93,0,ins,0.0,2
raw,0.94,0,ins,0.0,2
raw,0.95,0,ins,0.0,2
raw,0.96,0,ins,0.0,2
raw,0.97,0,ins,0.0,2
raw,0.98,0,ins,0.0,2
raw,0.99,0,ins,0.0,2
raw,0.0,0,uyam,0.950949316353342,2
raw,0.01,0,uyam,0.950949316353342,2
raw,0.02,0,uyam,0.9543163197203454,2
raw,0.03,0,uyam,0.9576833230873487,2
raw,0.04,0,uyam,0.9576833230873487,2
raw,0.05,0,uyam,0.9576833230873487,2
raw,0.06,0,uyam,0.9576833230873487,2
raw,0.07,0,uyam,0.9576833230873487,2
raw,0.08,0,uyam,0.9576833230873487,2
raw,0.09,0,uyam,0.9576833230873487,2
raw,0.1,0,uyam,0.9576833230873487,2
raw,0.11,0,uyam,0.9576833230873487,2
raw,0.12,0,uyam,0.9576833230873487,2
raw,0.13,0,uyam,0.9576833230873487,2
raw,0.14,0,uyam,0.9576833230873487,2
raw,0.15,0,uyam,0.9576833230873487,2
raw,0.16,0,uyam,0.9576833230873487,2
raw,0.17,0,uyam,0.9576833230873487,2
raw,0.18,0,uyam,0.9576833230873487,2
raw,0.19,0,uyam,0.9576833230873487,2
raw,0.2,0,uyam,0.9576833230873487,2
raw,0.21,0,uyam,0.9576833230873487,2
raw,0.22,0,uyam,0.9576833230873487,2
raw,0.23,0,uyam,0.9576833230873487,2
raw,0.24,0,uyam,0.9576833230873487,2
raw,0.25,0,uyam,0.9576833230873487,2
raw,0.26,0,uyam,0.9576833230873487,2
raw,0.27,0,uyam,0.9576833230873487,2
raw,0.28,0,uyam,0.9576833230873487,2
raw,0.29,0,uyam,0.9576833230873487,2
raw,0.3,0,uyam,0.9576833230873487,2
raw,0.31,0,uyam,0.9576833230873487,2
raw,0.32,0,uyam,0.9576833230873487,2
raw,0.33,0,uyam,0.9576833230873487,2
raw,0.34,0,uyam,0.9576833230873487,2
raw,0.35,0,uyam,0.9576833230873487,2
raw,0.36,0,uyam,0.9576833230873487,2
raw,0.37,0,uyam,0.9576833230873487,2
raw,0.38,0,uyam,0.9576833230873487,2
raw,0.39,0,uyam,0.9576833230873487,2
raw,0.4,0,uyam,0.9576833230873487,2
raw,0.41,0,uyam,0.9576833230873487,2
raw,0.42,0,uyam,0.9576833230873487,2
raw,0.43,0,uyam,0.9576833230873487,2
raw,0.44,0,uyam,0.9576833230873487,2
raw,0.45,0,uyam,0.9576833230873487,2
raw,0.46,0,uyam,0.9576833230873487,2
raw,0.47,0,uyam,0.9576833230873487,2
raw,0.48,0,uyam,0.9576833230873487,2
raw,0.49,0,uyam,0.9576833230873487,2
raw,0.5,0,uyam,0.9576833230873487,2
raw,0.51,0,uyam,0.9576833230873487,2
raw,0.52,0,uyam,0.9576833230873487,2
raw,0.53,0,uyam,0.9576833230873487,2
raw,0.54,0,uyam,0.9576833230873487,2
raw,0.55,0,uyam,0.9576833230873487,2
raw,0.56,0,uyam,0.9576833230873487,2
raw,0.57,0,uyam,0.9576833230873487,2
raw,0.58,0,uyam,0.9576833230873487,2
raw,0.59,0,uyam,0.9576833230873487,2
raw,0.6,0,uyam,0.9576833230873487,2
raw,0.61,0,uyam,0.9576833230873487,2
raw,0.62,0,uyam,0.9576833230873487,2
raw,0.63,0,uyam,0.9576833230873487,2
raw,0.64,0,uyam,0.9576833230873487,2
raw,0.65,0,uyam,0.9576833230873487,2
raw,0.66,0,uyam,0.9576833230873487,2
raw,0.67,0,uyam,0.9576833230873487,2
raw,0.68,0,uyam,0.9576833230873487,2
raw,0.69,0,uyam,0.9576833230873487,2
raw,0.7,0,uyam,0.9576833230873487,2
raw,0.71,0,uyam,0.9576833230873487,2
raw,0.72,0,uyam,0.9576833230873487,2
raw,0.73,0,uyam,0.9576833230873487,2
raw,0.74,0,uyam,0.9576833230873487,2
raw,0.75,0,uyam,0.9576833230873487,2
raw,0.76,0,uyam,0.9576833230873487,2
raw,0.77,0,uyam,0.9576833230873487,2
raw,0.78,0,uyam,0.9576833230873487,2
raw,0.79,0,uyam,0.9576833230873487,2
raw,0.8,0,uyam,0.9576833230873487,2
raw,0.81,0,uyam,0.9576833230873487,2
raw,0.82,0,uyam,0.9576833230873487,2
raw,0.83,0,uyam,0.9576833230873487,2
raw,0.84,0,uyam,0.947982558037,2
raw,0.85,0,uyam,0.947982558037,2
raw,0.86,0,uyam,0.9307693188767286,2
raw,0.87,0,uyam,0.9307693188767286,2
raw,0.88,0,uyam,0.9307693188767286,2
raw,0.89,0,uyam,0.9307693188767286,2
raw,0.9,0,uyam,0.9307693188767286,2
raw,0.91,0,uyam,0.9218178061228703,2
raw,0.92,0,uyam,0.9218178061228703,2
raw,0.93,0,uyam,0.9059889273489219,2
raw,0.94,0,uyam,0.857442272884468,2
raw,0.95,0,uyam,0.5131672411612646,2
raw,0.96,0,uyam,0.11834298750664596,2
raw,0.97,0,uyam,0.0,2
raw,0.98,0,uyam,0.0,2
raw,0.99,0,uyam,0.0,2
raw,0.0,0,yaam,0.0,2
raw,0.01,0,yaam,0.0,2
raw,0.02,0,yaam,0.0,2
raw,0.03,0,yaam,0.0,2
raw,0.04,0,yaam,0.0,2
raw,0.05,0,yaam,0.0,2
raw,0.06,0,yaam,0.0,2
raw,0.07,0,yaam,0.0,2
raw,0.08,0,yaam,0.0,2
raw,0.09,0,yaam,0.0,2
raw,0.1,0,yaam,0.0,2
raw,0.11,0,yaam,0.0,2
raw,0.12,0,yaam,0.0,2
raw,0.13,0,yaam,0.0,2
raw,0.14,0,yaam,0.0,2
raw,0.15,0,yaam,0.0,2
raw,0.16,0,yaam,0.0,2
raw,0.17,0,yaam,0.0,2
raw,0.18,0,yaam,0.0,2
raw,0.19,0,yaam,0.0,2
raw,0.2,0,yaam,0.0,2
raw,0.21,0,yaam,0.0,2
raw,0.22,0,yaam,0.0,2
raw,0.23,0,yaam,0.0,2
raw,0.24,0,yaam,0.0,2
raw,0.25,0,yaam,0.0,2
raw,0.26,0,yaam,0.0,2
raw,0.27,0,yaam,0.0,2
raw,0.28,0,yaam,0.0,2
raw,0.29,0,yaam,0.0,2
raw,0.3,0,yaam,0.0,2
raw,0.31,0,yaam,0.0,2
raw,0.32,0,yaam,0.0,2
raw,0.33,0,yaam,0.0,2
raw,0.34,0,yaam,0.0,2
raw,0.35,0,yaam,0.0,2
raw,0.36,0,yaam,0.0,2
raw,0.37,0,yaam,0.0,2
raw,0.38,0,yaam,0.0,2
raw,0.39,0,yaam,0.0,2
raw,0.4,0,yaam,0.0,2
raw,0.41,0,yaam,0.0,2
raw,0.42,0,yaam,0.0,2
raw,0.43,0,yaam,0.0,2
raw,0.44,0,yaam,0.0,2
raw,0.45,0,yaam,0.0,2
raw,0.46,0,yaam,0.0,2
raw,0.47,0,yaam,0.0,2
raw,0.48,0,yaam,0.0,2
raw,0.49,0,yaam,0.0,2
raw,0.5,0,yaam,0.0,2
raw,0.51,0,yaam,0.0,2
raw,0.52,0,yaam,0.0,2
raw,0.53,0,yaam,0.0,2
raw,0.54,0,yaam,0.0,2
raw,0.55,0,yaam,0.0,2
raw,0.56,0,yaam,0.0,2
raw,0.57,0,yaam,0.0,2
raw,0.58,0,yaam,0.0,2
raw,0.59,0,yaam,0.0,2
raw,0.6,0,yaam,0.0,2
raw,0.61,0,yaam,0.0,2
raw,0.62,0,yaam,0.0,2
raw,0.63,0,yaam,0.0,2
raw,0.64,0,yaam,0.0,2
raw,0.65,0,yaam,0.0,2
raw,0.66,0,yaam,0.0,2
raw,0.67,0,yaam,0.0,2
raw,0.68,0,yaam,0.0,2
raw,0.69,0,yaam,0.0,2
raw,0.7,0,yaam,0.0,2
raw,0.71,0,yaam,0.0,2
raw,0.72,0,yaam,0.0,2
raw,0.73,0,yaam,0.0,2
raw,0.74,0,yaam,0.0,2
raw,0.75,0,yaam,0.0,2
raw,0.76,0,yaam,0.0,2
raw,0.77,0,yaam,0.0,2
raw,0.78,0,yaam,0.0,2
raw,0.79,0,yaam,0.0,2
raw,0.8,0,yaam,0.0,2
raw,0.81,0,yaam,0.0,2
raw,0.82,0,yaam,0.0,2
raw,0.83,0,yaam,0.0,2
raw,0.84,0,yaam,0.0,2
raw,0.85,0,yaam,0.0,2
raw,0.86,0,yaam,0.0,2
raw,0.87,0,yaam,0.0,2
raw,0.88,0,yaam,0.0,2
raw,0.89,0,yaam,0.0,2
raw,0.9,0,yaam,0.0,2
raw,0.91,0,yaam,0.0,2
raw,0.92,0,yaam,0.0,2
raw,0.93,0,yaam,0.0,2
raw,0.94,0,yaam,0.0,2
raw,0.95,0,yaam,0.0,2
raw,0.96,0,yaam,0.0,2
raw,0.97,0,yaam,0.0,2
raw,0.98,0,yaam,0.0,2
raw,0.99,0,yaam,0.0,2
raw,0.0,0,uuap,0.9402998294732972,2
raw,0.01,0,uuap,0.9402998294732972,2
raw,0.02,0,uuap,0.9402998294732972,2
raw,0.03,0,uuap,0.9402998294732972,2
raw,0.04,0,uuap,0.9402998294732972,2
raw,0.05,0,uuap,0.9402998294732972,2
raw,0.06,0,uuap,0.9402998294732972,2
raw,0.07,0,uuap,0.9402998294732972,2
raw,0.08,0,uuap,0.9402998294732972,2
raw,0.09,0,uuap,0.9402998294732972,2
raw,0.1,0,uuap,0.9402998294732972,2
raw,0.11,0,uuap,0.9402998294732972,2
raw,0.12,0,uuap,0.9402998294732972,2
raw,0.13,0,uuap,0.9402998294732972,2
raw,0.14,0,uuap,0.9402998294732972,2
raw,0.15,0,uuap,0.9402998294732972,2
raw,0.16,0,uuap,0.9402998294732972,2
raw,0.17,0,uuap,0.9402998294732972,2
raw,0.18,0,uuap,0.9402998294732972,2
raw,0.19,0,uuap,0.9402998294732972,2
raw,0.2,0,uuap,0.9402998294732972,2
raw,0.21,0,uuap,0.9402998294732972,2
raw,0.22,0,uuap,0.9402998294732972,2
raw,0.23,0,uuap,0.9402998294732972,2
raw,0.24,0,uuap,0.9402998294732972,2
raw,0.25,0,uuap,0.9402998294732972,2
raw,0.26,0,uuap,0.9402998294732972,2
raw,0.27,0,uuap,0.9402998294732972,2
raw,0.28,0,uuap,0.9402998294732972,2
raw,0.29,0,uuap,0.9402998294732972,2
raw,0.3,0,uuap,0.9402998294732972,2
raw,0.31,0,uuap,0.9402998294732972,2
raw,0.32,0,uuap,0.9402998294732972,2
raw,0.33,0,uuap,0.9402998294732972,2
raw,0.34,0,uuap,0.9402998294732972,2
raw,0.35,0,uuap,0.9402998294732972,2
raw,0.36,0,uuap,0.9402998294732972,2
raw,0.37,0,uuap,0.9402998294732972,2
raw,0.38,0,uuap,0.9402998294732972,2
raw,0.39,0,uuap,0.9402998294732972,2
raw,0.4,0,uuap,0.9402998294732972,2
raw,0.41,0,uuap,0.9402998294732972,2
raw,0.42,0,uuap,0.9402998294732972,2
raw,0.43,0,uuap,0.9402998294732972,2
raw,0.44,0,uuap,0.9402998294732972,2
raw,0.45,0,uuap,0.9402998294732972,2
raw,0.46,0,uuap,0.9402998294732972,2
raw,0.47,0,uuap,0.9402998294732972,2
raw,0.48,0,uuap,0.9402998294732972,2
raw,0.49,0,uuap,0.9402998294732972,2
raw,0.5,0,uuap,0.9402998294732972,2
raw,0.51,0,uuap,0.9402998294732972,2
raw,0.52,0,uuap,0.9402998294732972,2
raw,0.53,0,uuap,0.9402998294732972,2
raw,0.54,0,uuap,0.9402998294732972,2
raw,0.55,0,uuap,0.9402998294732972,2
raw,0.56,0,uuap,0.9402998294732972,2
raw,0.57,0,uuap,0.9402998294732972,2
raw,0.58,0,uuap,0.9402998294732972,2
raw,0.59,0,uuap,0.9402998294732972,2
raw,0.6,0,uuap,0.9402998294732972,2
raw,0.61,0,uuap,0.9402998294732972,2
raw,0.62,0,uuap,0.9402998294732972,2
raw,0.63,0,uuap,0.9402998294732972,2
raw,0.64,0,uuap,0.9402998294732972,2
raw,0.65,0,uuap,0.9402998294732972,2
raw,0.66,0,uuap,0.9402998294732972,2
raw,0.67,0,uuap,0.9402998294732972,2
raw,0.68,0,uuap,0.9402998294732972,2
raw,0.69,0,uuap,0.9402998294732972,2
raw,0.7,0,uuap,0.9402998294732972,2
raw,0.71,0,uuap,0.9402998294732972,2
raw,0.72,0,uuap,0.9402998294732972,2
raw,0.73,0,uuap,0.9402998294732972,2
raw,0.74,0,uuap,0.9402998294732972,2
raw,0.75,0,uuap,0.9402998294732972,2
raw,0.76,0,uuap,0.9251280160825248,2
raw,0.77,0,uuap,0.9251280160825248,2
raw,0.78,0,uuap,0.9251280160825248,2
raw,0.79,0,uuap,0.9251280160825248,2
raw,0.8,0,uuap,0.9251280160825248,2
raw,0.81,0,uuap,0.9251280160825248,2
raw,0.82,0,uuap,0.9251280160825248,2
raw,0.83,0,uuap,0.9251280160825248,2
raw,0.84,0,uuap,0.9251280160825248,2
raw,0.85,0,uuap,0.9251280160825248,2
raw,0.86,0,uuap,0.9251280160825248,2
raw,0.87,0,uuap,0.9304190213735302,2
raw,0.88,0,uuap,0.9151467443189044,2
raw,0.89,0,uuap,0.9005219629009545,2
raw,0.9,0,uuap,0.8850800529289374,2
raw,0.91,0,uuap,0.8850800529289374,2
raw,0.92,0,uuap,0.8850800529289374,2
raw,0.93,0,uuap,0.8850800529289374,2
raw,0.94,0,uuap,0.6985669729458197,2
raw,0.95,0,uuap,0.3890130744040661,2
raw,0.96,0,uuap,0.015354992579582345,2
raw,0.97,0,uuap,0.0,2
raw,0.98,0,uuap,0.0,2
raw,0.99,0,uuap,0.0,2
raw,0.0,0,yuap,0.9004471060291007,2
raw,0.01,0,yuap,0.9004471060291007,2
raw,0.02,0,yuap,0.913780439362434,2
raw,0.03,0,yuap,0.913780439362434,2
raw,0.04,0,yuap,0.913780439362434,2
raw,0.05,0,yuap,0.913780439362434,2
raw,0.06,0,yuap,0.913780439362434,2
raw,0.07,0,yuap,0.913780439362434,2
raw,0.08,0,yuap,0.9271137726957673,2
raw,0.09,0,yuap,0.9271137726957673,2
raw,0.1,0,yuap,0.9404471060291008,2
raw,0.11,0,yuap,0.9404471060291008,2
raw,0.12,0,yuap,0.9404471060291008,2
raw,0.13,0,yuap,0.9404471060291008,2
raw,0.14,0,yuap,0.9404471060291008,2
raw,0.15,0,yuap,0.9404471060291008,2
raw,0.16,0,yuap,0.9404471060291008,2
raw,0.17,0,yuap,0.9404471060291008,2
raw,0.18,0,yuap,0.9404471060291008,2
raw,0.19,0,yuap,0.9404471060291008,2
raw,0.2,0,yuap,0.9404471060291008,2
raw,0.21,0,yuap,0.9404471060291008,2
raw,0.22,0,yuap,0.9404471060291008,2
raw,0.23,0,yuap,0.9404471060291008,2
raw,0.24,0,yuap,0.9404471060291008,2
raw,0.25,0,yuap,0.9404471060291008,2
raw,0.26,0,yuap,0.9404471060291008,2
raw,0.27,0,yuap,0.9404471060291008,2
raw,0.28,0,yuap,0.9404471060291008,2
raw,0.29,0,yuap,0.9404471060291008,2
raw,0.3,0,yuap,0.9404471060291008,2
raw,0.31,0,yuap,0.9404471060291008,2
raw,0.32,0,yuap,0.9404471060291008,2
raw,0.33,0,yuap,0.9404471060291008,2
raw,0.34,0,yuap,0.9404471060291008,2
raw,0.35,0,yuap,0.9404471060291008,2
raw,0.36,0,yuap,0.9404471060291008,2
raw,0.37,0,yuap,0.9404471060291008,2
raw,0.38,0,yuap,0.9404471060291008,2
raw,0.39,0,yuap,0.9404471060291008,2
raw,0.4,0,yuap,0.9404471060291008,2
raw,0.41,0,yuap,0.9404471060291008,2
raw,0.42,0,yuap,0.9404471060291008,2
raw,0.43,0,yuap,0.9404471060291008,2
raw,0.44,0,yuap,0.9404471060291008,2
raw,0.45,0,yuap,0.9404471060291008,2
raw,0.46,0,yuap,0.9404471060291008,2
raw,0.47,0,yuap,0.9404471060291008,2
raw,0.48,0,yuap,0.9404471060291008,2
raw,0.49,0,yuap,0.9404471060291008,2
raw,0.5,0,yuap,0.9404471060291008,2
raw,0.51,0,yuap,0.9537804393624341,2
raw,0.52,0,yuap,0.9537804393624341,2
raw,0.53,0,yuap,0.9537804393624341,2
raw,0.54,0,yuap,0.9537804393624341,2
raw,0.55,0,yuap,0.9537804393624341,2
raw,0.56,0,yuap,0.9537804393624341,2
raw,0.57,0,yuap,0.9537804393624341,2
raw,0.58,0,yuap,0.9537804393624341,2
raw,0.59,0,yuap,0.9537804393624341,2
raw,0.6,0,yuap,0.9537804393624341,2
raw,0.61,0,yuap,0.9537804393624341,2
raw,0.62,0,yuap,0.9537804393624341,2
raw,0.63,0,yuap,0.9537804393624341,2
raw,0.64,0,yuap,0.9537804393624341,2
raw,0.65,0,yuap,0.9537804393624341,2
raw,0.66,0,yuap,0.9537804393624341,2
raw,0.67,0,yuap,0.9537804393624341,2
raw,0.68,0,yuap,0.9537804393624341,2
raw,0.69,0,yuap,0.9537804393624341,2
raw,0.7,0,yuap,0.9537804393624341,2
raw,0.71,0,yuap,0.9537804393624341,2
raw,0.72,0,yuap,0.9537804393624341,2
raw,0.73,0,yuap,0.9537804393624341,2
raw,0.74,0,yuap,0.9537804393624341,2
raw,0.75,0,yuap,0.9537804393624341,2
raw,0.76,0,yuap,0.9537804393624341,2
raw,0.77,0,yuap,0.9537804393624341,2
raw,0.78,0,yuap,0.9537804393624341,2
raw,0.79,0,yuap,0.9537804393624341,2
raw,0.8,0,yuap,0.9537804393624341,2
raw,0.81,0,yuap,0.9537804393624341,2
raw,0.82,0,yuap,0.9537804393624341,2
raw,0.83,0,yuap,0.9537804393624341,2
raw,0.84,0,yuap,0.9537804393624341,2
raw,0.85,0,yuap,0.9537804393624341,2
raw,0.86,0,yuap,0.9537804393624341,2
raw,0.87,0,yuap,0.9537804393624341,2
raw,0.88,0,yuap,0.9537804393624341,2
raw,0.89,0,yuap,0.9537804393624341,2
raw,0.9,0,yuap,0.9537804393624341,2
raw,0.91,0,yuap,0.9537804393624341,2
raw,0.92,0,yuap,0.8376607215866079,2
raw,0.93,0,yuap,0.606105171310062,2
raw,0.94,0,yuap,0.19534336764142762,2
raw,0.95,0,yuap,0.07795048096369402,2
raw,0.96,0,yuap,0.0,2
raw,0.97,0,yuap,0.0,2
raw,0.98,0,yuap,0.0,2
raw,0.99,0,yuap,0.0,2
